mode,recall@1,precision@1,f1@1,recall@3,precision@3,f1@3,recall@5,precision@5,f1@5,recall@10,precision@10,f1@10,mrr,n_queries
retrieval-only,0.075,0.075,0.075,0.15,0.05,0.075,0.235,0.047,0.07833333333333334,0.385,0.0385,0.07,0.14418055555555553,200
mining-only,0.56,0.56,0.56,0.885,0.295,0.4425,0.885,0.177,0.295,0.925,0.0925,0.1681818181818182,0.5870555555555556,200
fused,0.595,0.595,0.595,0.91,0.3033,0.455,0.925,0.185,0.30833,0.975,0.0975,0.17727,0.62353,200
